<?xml version="1.0" encoding="UTF-8" standalone="no"?><nodeTypes xmlns:drools="http://www.jboss.org/drools-repository/1.0" xmlns:fn="http://www.w3.org/2005/xpath-functions" xmlns:fn_old="http://www.w3.org/2004/10/xpath-functions" xmlns:jcr="http://www.jcp.org/jcr/1.0" xmlns:mix="http://www.jcp.org/jcr/mix/1.0" xmlns:nt="http://www.jcp.org/jcr/nt/1.0" xmlns:rep="internal" xmlns:sv="http://www.jcp.org/jcr/sv/1.0" xmlns:xs="http://www.w3.org/2001/XMLSchema"><nodeType hasOrderableChildNodes="false" isAbstract="false" isMixin="false" isQueryable="true" name="drools:configurationNodeType" primaryItemName=""><supertypes><supertype>nt:hierarchyNode</supertype></supertypes><propertyDefinition autoCreated="false" isFullTextSearchable="true" isQueryOrderable="true" mandatory="true" multiple="false" name="drools:title" onParentVersion="COPY" protected="false" requiredType="String"/><propertyDefinition autoCreated="false" isFullTextSearchable="true" isQueryOrderable="true" mandatory="true" multiple="false" name="drools:url" onParentVersion="COPY" protected="false" requiredType="String"/></nodeType><nodeType hasOrderableChildNodes="false" isAbstract="false" isMixin="false" isQueryable="true" name="drools:stateNodeType" primaryItemName=""><supertypes><supertype>mix:referenceable</supertype><supertype>nt:hierarchyNode</supertype></supertypes></nodeType><nodeType hasOrderableChildNodes="false" isAbstract="false" isMixin="false" isQueryable="true" name="drools:versionableAssetFolder" primaryItemName=""><supertypes><supertype>mix:versionable</supertype><supertype>nt:folder</supertype></supertypes><childNodeDefinition autoCreated="false" defaultPrimaryType="" mandatory="false" name="*" onParentVersion="COPY" protected="false" sameNameSiblings="false"><requiredPrimaryTypes><requiredPrimaryType>drools:versionableNodeType</requiredPrimaryType></requiredPrimaryTypes></childNodeDefinition></nodeType><nodeType hasOrderableChildNodes="false" isAbstract="false" isMixin="false" isQueryable="true" name="drools:packageNodeType" primaryItemName=""><supertypes><supertype>drools:versionableNodeType</supertype><supertype>nt:folder</supertype></supertypes><propertyDefinition autoCreated="false" isFullTextSearchable="true" isQueryOrderable="true" mandatory="false" multiple="false" name="drools:header" onParentVersion="COPY" protected="false" requiredType="String"/><propertyDefinition autoCreated="false" isFullTextSearchable="true" isQueryOrderable="true" mandatory="false" multiple="true" name="drools:workspace" onParentVersion="COPY" protected="false" requiredType="String"/><propertyDefinition autoCreated="true" isFullTextSearchable="true" isQueryOrderable="true" mandatory="true" multiple="false" name="drools:archive" onParentVersion="COPY" protected="false" requiredType="Boolean"><defaultValues><defaultValue>false</defaultValue></defaultValues></propertyDefinition><propertyDefinition autoCreated="false" isFullTextSearchable="true" isQueryOrderable="true" mandatory="false" multiple="false" name="*" onParentVersion="COPY" protected="false" requiredType="undefined"/><propertyDefinition autoCreated="false" isFullTextSearchable="true" isQueryOrderable="true" mandatory="false" multiple="false" name="drools:compiledPackage" onParentVersion="COPY" protected="false" requiredType="Binary"/><propertyDefinition autoCreated="false" isFullTextSearchable="true" isQueryOrderable="true" mandatory="false" multiple="false" name="drools:externalURI" onParentVersion="COPY" protected="false" requiredType="String"/><propertyDefinition autoCreated="false" isFullTextSearchable="true" isQueryOrderable="true" mandatory="false" multiple="true" name="drools:dependencies" onParentVersion="COPY" protected="false" requiredType="String"/><childNodeDefinition autoCreated="false" defaultPrimaryType="" mandatory="false" name="*" onParentVersion="COPY" protected="false" sameNameSiblings="false"><requiredPrimaryTypes><requiredPrimaryType>drools:versionableAssetFolder</requiredPrimaryType></requiredPrimaryTypes></childNodeDefinition></nodeType><nodeType hasOrderableChildNodes="false" isAbstract="false" isMixin="false" isQueryable="true" name="drools:categoryNodeType" primaryItemName=""><supertypes><supertype>mix:referenceable</supertype><supertype>nt:hierarchyNode</supertype></supertypes><childNodeDefinition autoCreated="false" defaultPrimaryType="drools:categoryNodeType" mandatory="false" name="*" onParentVersion="COPY" protected="false" sameNameSiblings="false"><requiredPrimaryTypes><requiredPrimaryType>drools:categoryNodeType</requiredPrimaryType></requiredPrimaryTypes></childNodeDefinition></nodeType><nodeType hasOrderableChildNodes="false" isAbstract="false" isMixin="false" isQueryable="true" name="drools:versionableNodeType" primaryItemName=""><supertypes><supertype>mix:versionable</supertype><supertype>nt:hierarchyNode</supertype></supertypes><propertyDefinition autoCreated="false" isFullTextSearchable="true" isQueryOrderable="true" mandatory="false" multiple="false" name="drools:checkinComment" onParentVersion="COPY" protected="false" requiredType="String"/><propertyDefinition autoCreated="false" isFullTextSearchable="true" isQueryOrderable="true" mandatory="true" multiple="false" name="drools:lastModified" onParentVersion="COPY" protected="false" requiredType="Date"/><propertyDefinition autoCreated="false" isFullTextSearchable="true" isQueryOrderable="true" mandatory="true" multiple="false" name="drools:format" onParentVersion="COPY" protected="false" requiredType="String"/><propertyDefinition autoCreated="false" isFullTextSearchable="true" isQueryOrderable="true" mandatory="false" multiple="false" name="drools:lastContributor" onParentVersion="COPY" protected="false" requiredType="String"><defaultValues><defaultValue/></defaultValues></propertyDefinition><propertyDefinition autoCreated="false" isFullTextSearchable="true" isQueryOrderable="true" mandatory="false" multiple="false" name="drools:versionNumber" onParentVersion="COPY" protected="false" requiredType="Long"/><propertyDefinition autoCreated="false" isFullTextSearchable="true" isQueryOrderable="true" mandatory="false" multiple="false" name="drools:coverage" onParentVersion="COPY" protected="false" requiredType="String"/><propertyDefinition autoCreated="false" isFullTextSearchable="true" isQueryOrderable="true" mandatory="false" multiple="false" name="drools:subject" onParentVersion="COPY" protected="false" requiredType="String"/><propertyDefinition autoCreated="false" isFullTextSearchable="true" isQueryOrderable="true" mandatory="false" multiple="false" name="drools:creator" onParentVersion="COPY" protected="false" requiredType="String"/><propertyDefinition autoCreated="false" isFullTextSearchable="true" isQueryOrderable="true" mandatory="false" multiple="false" name="drools:relation" onParentVersion="COPY" protected="false" requiredType="String"/><propertyDefinition autoCreated="false" isFullTextSearchable="true" isQueryOrderable="true" mandatory="false" multiple="false" name="drools:stateReference" onParentVersion="COPY" protected="false" requiredType="Reference"><valueConstraints><valueConstraint>drools:stateNodeType</valueConstraint></valueConstraints></propertyDefinition><propertyDefinition autoCreated="false" isFullTextSearchable="true" isQueryOrderable="true" mandatory="false" multiple="false" name="drools:type" onParentVersion="COPY" protected="false" requiredType="String"/><propertyDefinition autoCreated="false" isFullTextSearchable="true" isQueryOrderable="true" mandatory="false" multiple="false" name="drools:rights" onParentVersion="COPY" protected="false" requiredType="String"/><propertyDefinition autoCreated="false" isFullTextSearchable="true" isQueryOrderable="true" mandatory="false" multiple="false" name="drools:createdDate" onParentVersion="COPY" protected="false" requiredType="Date"/><propertyDefinition autoCreated="false" isFullTextSearchable="true" isQueryOrderable="true" mandatory="true" multiple="false" name="drools:description" onParentVersion="COPY" protected="false" requiredType="String"/><propertyDefinition autoCreated="false" isFullTextSearchable="true" isQueryOrderable="true" mandatory="true" multiple="false" name="drools:title" onParentVersion="COPY" protected="false" requiredType="String"/><propertyDefinition autoCreated="false" isFullTextSearchable="true" isQueryOrderable="true" mandatory="false" multiple="false" name="drools:publisher" onParentVersion="COPY" protected="false" requiredType="String"/><propertyDefinition autoCreated="false" isFullTextSearchable="true" isQueryOrderable="true" mandatory="false" multiple="false" name="drools:source" onParentVersion="COPY" protected="false" requiredType="String"/></nodeType><nodeType hasOrderableChildNodes="false" isAbstract="false" isMixin="false" isQueryable="true" name="drools:assetNodeType" primaryItemName=""><supertypes><supertype>drools:versionableNodeType</supertype></supertypes><propertyDefinition autoCreated="true" isFullTextSearchable="true" isQueryOrderable="true" mandatory="true" multiple="false" name="drools:archive" onParentVersion="COPY" protected="false" requiredType="Boolean"><defaultValues><defaultValue>false</defaultValue></defaultValues></propertyDefinition><propertyDefinition autoCreated="false" isFullTextSearchable="true" isQueryOrderable="true" mandatory="false" multiple="false" name="drools:dateEffective" onParentVersion="COPY" protected="false" requiredType="Date"/><propertyDefinition autoCreated="false" isFullTextSearchable="true" isQueryOrderable="true" mandatory="false" multiple="true" name="drools:categoryReference" onParentVersion="COPY" protected="false" requiredType="Reference"><valueConstraints><valueConstraint>drools:categoryNodeType</valueConstraint></valueConstraints></propertyDefinition><propertyDefinition autoCreated="false" isFullTextSearchable="true" isQueryOrderable="true" mandatory="true" multiple="false" name="drools:packageName" onParentVersion="COPY" protected="false" requiredType="String"/><propertyDefinition autoCreated="false" isFullTextSearchable="true" isQueryOrderable="true" mandatory="false" multiple="false" name="drools:dateExpired" onParentVersion="COPY" protected="false" requiredType="Date"/><propertyDefinition autoCreated="false" isFullTextSearchable="true" isQueryOrderable="true" mandatory="false" multiple="false" name="drools:content" onParentVersion="COPY" protected="false" requiredType="String"/><propertyDefinition autoCreated="false" isFullTextSearchable="true" isQueryOrderable="true" mandatory="false" multiple="false" name="*" onParentVersion="COPY" protected="false" requiredType="undefined"/><propertyDefinition autoCreated="false" isFullTextSearchable="true" isQueryOrderable="true" mandatory="false" multiple="false" name="drools:attachmentFileName" onParentVersion="COPY" protected="false" requiredType="String"/><propertyDefinition autoCreated="false" isFullTextSearchable="true" isQueryOrderable="true" mandatory="false" multiple="false" name="drools:binaryContent" onParentVersion="COPY" protected="false" requiredType="Binary"/></nodeType></nodeTypes>